,d1_seeds,d2_seeds,d1_name,d2_name,z_d1,z_d2,z_both,sum_seeds
DEGS2,0,0,DLB,FA_ox,4.565189621697581,4.731413660777767,21.59980054014082,0
CERK,0,0,DLB,FA_ox,6.748781974550224,3.126509076987972,21.10012810204408,0
ACER2,0,0,DLB,FA_ox,9.367122506808244,1.881846580550321,17.627487459033045,0
VPS35L,0,0,DLB,FA_ox,4.59986821922228,3.825155937448728,17.595213230239814,0
DHCR24,0,0,DLB,FA_ox,4.967692417787348,3.2206250618722865,15.999074700398866,0
ORAI3,0,0,DLB,FA_ox,3.9638335174326715,4.010003871909024,15.89498775250778,0
ACO2,0,0,DLB,FA_ox,3.305569825554225,4.534333763357625,14.988556867146698,0
VDAC1,0,0,DLB,FA_ox,3.8715066742512203,3.5396218838989766,13.703669747840566,0
ECHDC2,0,0,DLB,FA_ox,3.3909096559465985,3.9190742321282173,13.289226656095073,0
TMEM53,0,0,DLB,FA_ox,2.3560505810058285,5.1857153532013145,12.217807670840802,0
POMK,0,0,DLB,FA_ox,5.796938184602097,2.095085910670706,12.145083515588874,0
GK,0,0,DLB,FA_ox,3.3039530191009754,3.559819419939808,11.761476119964412,0
FBP1,0,0,DLB,FA_ox,2.875988117239592,4.0502785019137555,11.648552843014937,0
ARSA,0,0,DLB,FA_ox,4.458682587386192,2.5791629625965014,11.499668991360405,0
FABP3,0,0,DLB,FA_ox,2.774145988904896,4.066521835833898,11.281125239672782,0
GATM,0,0,DLB,FA_ox,4.427177926189748,2.4925215786274477,11.034836513451062,0
HGSNAT,0,0,DLB,FA_ox,5.573331613646966,1.9675209460912026,10.965646689362687,0
FADS2,0,0,DLB,FA_ox,3.4326967489911544,3.175460985660115,10.900394602023724,0
HCCS,0,0,DLB,FA_ox,3.2408316098545487,3.335184160321179,10.808770251455078,0
DGKQ,0,0,DLB,FA_ox,6.454187769364113,1.671904899614227,10.790788154630079,0
PPARG,0,0,DLB,FA_ox,3.1334597089884513,3.430604672985633,10.749661520267983,0
HMGCS1,0,0,DLB,FA_ox,2.1735557624614876,4.872850190461257,10.591411611088622,0
FADS3,0,0,DLB,FA_ox,5.728551655137019,1.8452745412325557,10.57075052735996,0
SMPD1,0,0,DLB,FA_ox,3.540357340909972,2.964961990603391,10.49702494895176,0
MT-ND5,0,0,DLB,FA_ox,3.2364828762562836,3.1990784507795293,10.353762625748427,0
ESYT1,0,0,DLB,FA_ox,4.970784277111017,2.063682780172369,10.258121916625562,0
FABP2,0,0,DLB,FA_ox,3.688506647437592,2.74148147698296,10.111972651678675,0
ATP7B,0,0,DLB,FA_ox,3.3521872088868965,2.9988025690296243,10.052547613878271,0
MT-ND2,0,0,DLB,FA_ox,3.018256266100301,3.3011486774480754,9.963712681036375,0
AC010422.3,0,0,DLB,FA_ox,4.760481961723742,2.091728668209567,9.95763659383207,0
MT-ND4,0,0,DLB,FA_ox,2.9792613581240484,3.3019788434250508,9.837457973559392,0
HSPD1,0,0,DLB,FA_ox,2.228657704603252,4.348716555702184,9.691800657001389,0
NDUFA10,0,0,DLB,FA_ox,2.5794057711923344,3.7193610276519253,9.593741299873228,0
ELOVL6,0,0,DLB,FA_ox,2.2211477126153847,4.256643444038543,9.454633849145484,0
NDUFV1,0,0,DLB,FA_ox,2.2665699444448384,4.169131861679688,9.449628972110535,0
PINK1,0,0,DLB,FA_ox,2.6885114847544385,3.4769718610948623,9.347878780721551,0
MAOA,0,0,DLB,FA_ox,3.296021035310204,2.797265985896495,9.219847530872585,0
PMVK,0,0,DLB,FA_ox,3.3487897787574683,2.7494844008723076,9.207445258494285,0
IDH2,0,0,DLB,FA_ox,1.6931724987716839,5.413677350574166,9.16628960721533,0
GK3P,0,0,DLB,FA_ox,2.1794468864917764,4.182821491638648,9.116237276702739,0
ABCA7,0,0,DLB,FA_ox,3.7094375801514854,2.450890680353182,9.091425994545135,0
RDH11,0,0,DLB,FA_ox,3.5612257173455037,2.55103668478657,9.084817447753748,0
RRNAD1,0,0,DLB,FA_ox,4.915307847708414,1.8435053356692477,9.061396243707387,0
ASMTL,0,0,DLB,FA_ox,3.8082889895263365,2.370852827482513,9.028892718689036,0
SELENBP1,0,0,DLB,FA_ox,2.9507817634550726,3.0552077128641595,9.015251202686844,0
IDH1,0,0,DLB,FA_ox,1.7978806159763765,4.8926592031810054,8.796417141977553,0
FADS1,0,0,DLB,FA_ox,2.741167035283847,3.2058949377541675,8.787893521955084,0
AKR7A2,0,0,DLB,FA_ox,2.979975275742199,2.913565892267767,8.682354323203704,0
ATP5F1B,0,0,DLB,FA_ox,2.2567027857242143,3.83001133819666,8.64319725626373,0
VLDLR,0,0,DLB,FA_ox,2.7996332581343877,3.013590318312791,8.436947681540286,0
GPD2,0,0,DLB,FA_ox,2.265916297571883,3.693422655087948,8.368986587984997,0
UGT8,0,0,DLB,FA_ox,4.458170397675491,1.8543250000096,8.266896822712404,0
FAM50A,0,0,DLB,FA_ox,2.581921486232798,3.2014450663825698,8.265879803887143,0
INPP1,0,0,DLB,FA_ox,3.5637828043093056,2.3128293466623715,8.242421454937286,0
ACSBG1,0,0,DLB,FA_ox,2.6132142115084895,3.1511278269694905,8.234572019716538,0
FUCA1,0,0,DLB,FA_ox,4.538147611274239,1.808084160686182,8.205352814800783,0
ATP5F1A,0,0,DLB,FA_ox,2.3503660633019,3.452876936427405,8.115524772136803,0
ATP5PF,0,0,DLB,FA_ox,2.289255640420527,3.532689696675828,8.087229813970621,0
PRXL2A,0,0,DLB,FA_ox,1.6991209212617029,4.686300974464248,7.962592029041309,0
PNPLA2,0,0,DLB,FA_ox,2.621977519100386,3.012431045942229,7.898526480300586,0
CROT,0,0,DLB,FA_ox,2.211591587374248,3.5115130480115058,7.7660327159371505,0
CLN3,0,0,DLB,FA_ox,2.872426885423483,2.667627099807442,7.662563801771169,0
NR1H3,0,0,DLB,FA_ox,2.399290529581832,3.191495826517169,7.657325711762585,0
LPIN3,0,0,DLB,FA_ox,2.5188167564372095,3.0287236190126556,7.628799802186224,0
SLC25A13,0,0,DLB,FA_ox,1.940576576009342,3.9301867556628256,7.626828357381431,0
PLIN2,0,0,DLB,FA_ox,1.967157633490158,3.8362577951556807,7.54652380577662,0
C11orf49,0,0,DLB,FA_ox,2.421157018814425,3.0505735996923002,7.385917682304999,0
PODXL,0,0,DLB,FA_ox,1.8200215952205798,4.028553739832644,7.33205480400204,0
PDE4DIP,0,0,DLB,FA_ox,3.15769055372145,2.3034660042501014,7.273632842439039,0
SLC25A5,0,0,DLB,FA_ox,2.0241023822923583,3.583165658912988,7.252694146353947,0
ZNF688,0,0,DLB,FA_ox,2.667988497445324,2.6982358279752314,7.198862152432777,0
SLC25A12,0,0,DLB,FA_ox,2.0468264803240537,3.478752101881976,7.120401920614988,0
AADACL2,0,0,DLB,FA_ox,1.6799183845230032,4.191701734711699,7.041716806579148,0
PCK2,0,0,DLB,FA_ox,1.6089093945441055,4.325315217810917,6.959040288300568,0
CAT,0,0,DLB,FA_ox,1.5628151092424014,4.436560370549837,6.933523580161353,0
TGS1,0,0,DLB,FA_ox,2.3583380757400003,2.9273917621838317,6.903779455365746,0
FABP4,0,0,DLB,FA_ox,2.2769017160840828,3.0273906348528183,6.893070931753263,0
SLC2A4,0,0,DLB,FA_ox,2.056234789928333,3.33587765459031,6.859347688313125,0
GTPBP6,0,0,DLB,FA_ox,2.5888543821784027,2.6435082673389454,6.843657962225265,0
ATP6V0D1,0,0,DLB,FA_ox,3.2600551128817696,2.0959835409890633,6.833021859317432,0
GLDC,0,0,DLB,FA_ox,2.4502539425753582,2.7737793715462997,6.7964638409655205,0
ABHD14B,0,0,DLB,FA_ox,1.639361410622938,4.125263075900875,6.762797095299579,0
BLVRB,0,0,DLB,FA_ox,2.04167858816886,3.311940472695171,6.761917948391583,0
BDH2,0,0,DLB,FA_ox,1.9475280198205076,3.4504801672524454,6.719906807559089,0
AGPAT4,0,0,DLB,FA_ox,1.6649748773341386,4.008680054772461,6.674351582466587,0
EHHADH,0,0,DLB,FA_ox,1.5384689284123474,4.332007318304498,6.664658656866368,0
FAXDC2,0,0,DLB,FA_ox,2.385394779635749,2.7685975863928634,6.604198229493671,0
FRAT1,0,0,DLB,FA_ox,2.1331268037827007,3.038879505437122,6.4823153265138425,0
ANGPTL4,0,0,DLB,FA_ox,3.245029724374389,1.9905278094046646,6.459321908711975,0
C1orf115,0,0,DLB,FA_ox,2.3946879922055784,2.6878142548283384,6.436476521316407,0
NTRK1,0,0,DLB,FA_ox,2.2320186137683007,2.875022315378751,6.417103322924611,0
TMEM134,0,0,DLB,FA_ox,1.6378952486174099,3.884920296421725,6.363092494766483,0
MAN2B2,0,0,DLB,FA_ox,2.056948727355075,3.0914206803202773,6.358893834103955,0
SCARB2,0,0,DLB,FA_ox,3.347476989421311,1.8880339538028441,6.320150215601159,0
PRKN,0,0,DLB,FA_ox,3.9828745777862054,1.5824125258226718,6.302550620669576,0
FECH,0,0,DLB,FA_ox,1.8656585820681677,3.376395913685653,6.299202012827531,0
PLD2,0,0,DLB,FA_ox,3.0878570582887552,2.0374674777861963,6.291408332315894,0
GLB1,0,0,DLB,FA_ox,3.149449649240601,1.9895525831420802,6.265995685122556,0
SREBF1,0,0,DLB,FA_ox,2.037850813211477,3.0165564294299947,6.147291972812224,0
RXRA,0,0,DLB,FA_ox,2.0410849610103967,3.0079538717641054,6.139489411070711,0
PLAAT3,0,0,DLB,FA_ox,3.833085141540002,1.6002435827415615,6.133869899851418,0
FUOM,0,0,DLB,FA_ox,1.891227932575967,3.2407912582420617,6.129074951235402,0
NPC1,0,0,DLB,FA_ox,2.456748881072114,2.477372189215676,6.086281353854786,0
PLIN5,0,0,DLB,FA_ox,2.097985684150533,2.889638264551854,6.06241971140338,0
CD36,0,0,DLB,FA_ox,1.9891138943559237,3.045546878810514,6.05793961255431,0
LDLR,0,0,DLB,FA_ox,3.0798375159075317,1.950573425985212,6.0074492148815395,0
SMARCD3,0,0,DLB,FA_ox,2.8077411722625625,2.1361190921128306,5.99766952378132,0
MGLL,0,0,DLB,FA_ox,2.2760084255700583,2.6268084379992724,5.978638137244868,0
PSAPL1,0,0,DLB,FA_ox,2.0281623095430614,2.9445635970026576,5.972052905493334,0
DGKB,0,0,DLB,FA_ox,2.8697154841737373,2.080969128456366,5.971789330018761,0
GAPDH,0,0,DLB,FA_ox,2.534265031323197,2.333813977582042,5.914503152999469,0
SLC25A6,0,0,DLB,FA_ox,2.4262170482892476,2.4222807533538875,5.876978859530124,0
MPST,0,0,DLB,FA_ox,1.7587217453094444,3.3198152585464182,5.838631285615681,0
SUMF1,0,0,DLB,FA_ox,2.346413629354106,2.485114122516606,5.831105647573334,0
PKLR,0,0,DLB,FA_ox,3.0499749170361445,1.9048002382539828,5.80959294863912,0
FXN,0,0,DLB,FA_ox,1.9283766832860714,3.0030108585563715,5.790936119294993,0
SRD5A1,0,0,DLB,FA_ox,3.1284087929396853,1.850933686846636,5.790477221079286,0
SNX9,0,0,DLB,FA_ox,2.4160579721117506,2.385147453179601,5.762654518916613,0
DHRS3,0,0,DLB,FA_ox,3.323269374092215,1.7303031854575992,5.750263584125441,0
CCS,0,0,DLB,FA_ox,1.7358455175438905,3.2917933137992934,5.714044668439453,0
HYI,0,0,DLB,FA_ox,2.558885121743593,2.2162003548920697,5.671002114936188,0
AGPAT2,0,0,DLB,FA_ox,1.5222094321597546,3.7102503367922077,5.6477780583390045,0
NDUFB9,0,0,DLB,FA_ox,1.7261393415433015,3.258485352965219,5.624599761595876,0
ALDH4A1,0,0,DLB,FA_ox,1.69801882752158,3.2616710835833342,5.538378909107214,0
MTCH1,0,0,DLB,FA_ox,2.714978326064247,2.037861288622219,5.532749230134681,0
TK2,0,0,DLB,FA_ox,2.157288541859034,2.5515251282992217,5.504375923545313,0
PDE4D,0,0,DLB,FA_ox,3.2882482395396173,1.6719794043545912,5.497883332915483,0
PCSK9,0,0,DLB,FA_ox,3.5448123010074437,1.5500530664678407,5.494647177229511,0
TCTA,0,0,DLB,FA_ox,1.7030195677961115,3.200780512994507,5.450991845850121,0
ZNF358,0,0,DLB,FA_ox,2.6859156887945006,2.0261120725467263,5.441966202909193,0
NDUFA11,0,0,DLB,FA_ox,1.8651791693817759,2.916147334247445,5.439137262686529,0
RFX3,0,0,DLB,FA_ox,2.912934380079286,1.8628987784851405,5.426501898457072,0
SPSB3,0,0,DLB,FA_ox,3.0977550297330105,1.7439469924175315,5.4023205673491645,0
GKN1,0,0,DLB,FA_ox,2.299760903824479,2.341495393549378,5.384879562569972,0
CYP27A1,0,0,DLB,FA_ox,1.7865348295742072,3.0110863150790674,5.379410576743009,0
LPL,0,0,DLB,FA_ox,1.9558790885842667,2.7348526073583828,5.349041025092419,0
GAMT,0,0,DLB,FA_ox,2.4371678491778366,2.167343041255642,5.282178778287563,0
SUN2,0,0,DLB,FA_ox,3.1875228945169205,1.6362464210032084,5.215572928019099,0
SLC25A22,0,0,DLB,FA_ox,2.0253713643210594,2.5622352171169163,5.189477837403555,0
ABHD14A,0,0,DLB,FA_ox,2.73021912576314,1.8956884882783167,5.175644967186474,0
HAGH,0,0,DLB,FA_ox,2.015679548439509,2.5673910024372963,5.175037536460468,0
GGT3P,0,0,DLB,FA_ox,1.648017263826462,3.1211250744065993,5.143668005183726,0
GPX1,0,0,DLB,FA_ox,2.141693851381027,2.3596488440843864,5.053645420793878,0
CTDNEP1,0,0,DLB,FA_ox,2.3060067058600557,2.149111855493086,4.955866350410404,0
HSD17B14,0,0,DLB,FA_ox,2.574632412500599,1.9194064077007138,4.941765950027596,0
ASS1,0,0,DLB,FA_ox,1.7003088497796288,2.9059920686798626,4.941084031765781,0
COMT,0,0,DLB,FA_ox,2.860241166911317,1.7110430004267132,4.893995628175944,0
CH25H,0,0,DLB,FA_ox,3.2563575084108987,1.5015665956998652,4.889637658286248,0
LCAT,0,0,DLB,FA_ox,2.482805745607361,1.9594752946397502,4.8649965199072485,0
GABRB3,0,0,DLB,FA_ox,2.60272169394501,1.8634558676829842,4.850057012527626,0
UROS,0,0,DLB,FA_ox,1.998177787378671,2.4174031440100974,4.830401265500339,0
EPHX1,0,0,DLB,FA_ox,1.7935907227609724,2.6855750632002584,4.816822518634195,0
PLCH1,0,0,DLB,FA_ox,1.7958501489117353,2.679682789449567,4.81230873646922,0
AGL,0,0,DLB,FA_ox,2.89797526350923,1.6458867894330256,4.769739202313533,0
GABARAP,0,0,DLB,FA_ox,1.8296594448177974,2.593824476232149,4.7458154511377275,0
GLUL,0,0,DLB,FA_ox,2.2788373393754284,2.071337661205392,4.720241604809418,0
DHCR7,0,0,DLB,FA_ox,2.8332792580808515,1.6535537157375766,4.6849794449217965,0
AGAP11,0,0,DLB,FA_ox,2.508395739322465,1.8567639738313986,4.657498840886129,0
MAN2C1,0,0,DLB,FA_ox,2.5835836556563687,1.8026354413234786,4.657259463310244,0
ABCC6,0,0,DLB,FA_ox,1.9819706878207426,2.3493378026509264,4.656318660643328,0
NPEPL1,0,0,DLB,FA_ox,1.7537912297602112,2.635749433367549,4.622554240085454,0
MYL6B,0,0,DLB,FA_ox,2.3964987505929725,1.9254016469851938,4.614222641389668,0
SELENOW,0,0,DLB,FA_ox,2.542769896074624,1.7798180452783263,4.52566774602411,0
EEF1D,0,0,DLB,FA_ox,2.2006995977683497,2.0480528902295716,4.507149171736525,0
GYS1,0,0,DLB,FA_ox,2.0422421953477636,2.201953076692353,4.496921485396953,0
ANXA11,0,0,DLB,FA_ox,2.4971080245673027,1.7939297061886295,4.479636264833291,0
PEPD,0,0,DLB,FA_ox,1.7886515812591788,2.4917889408431764,4.456942229203282,0
CA4,0,0,DLB,FA_ox,2.2314363775565607,1.97979006467726,4.417775570245894,0
FAAH2,0,0,DLB,FA_ox,1.730330942264734,2.5471531513963273,4.407417912548193,0
CHID1,0,0,DLB,FA_ox,1.5635989998484592,2.7617816109597837,4.3183189646965845,0
ABCB4,0,0,DLB,FA_ox,2.0256718306439585,2.103409595095408,4.260817565090983,0
STK19,0,0,DLB,FA_ox,1.9116946533489658,2.225391944119814,4.254269881179709,0
NDUFB7,0,0,DLB,FA_ox,1.5458863501191076,2.7070547361697037,4.184798965670027,0
APOA4,0,0,DLB,FA_ox,2.4117427862557945,1.7347170877589027,4.183691422597193,0
SLC41A3,0,0,DLB,FA_ox,2.46960142469508,1.6882378867519032,4.169274690346711,0
ECSIT,0,0,DLB,FA_ox,1.5217724558155306,2.7203094065105957,4.139691926123717,0
ABCC2,0,0,DLB,FA_ox,2.5171997734362663,1.635843993646853,4.117746130184935,0
HSPA5,0,0,DLB,FA_ox,1.6261054217737134,2.5255551360514996,4.106818899721792,0
C1orf220,0,0,DLB,FA_ox,1.5791447172587825,2.5883034165636953,4.087305666929417,0
ADH1B,0,0,DLB,FA_ox,1.5315825005692894,2.6598727677692375,4.073814584856166,0
SLC25A21,0,0,DLB,FA_ox,1.863294727354525,2.1697743489727115,4.042929103989951,0
MT-TP,0,0,DLB,FA_ox,2.580571659491228,1.5665678778396246,4.042640668222251,0
HSD11B1,0,0,DLB,FA_ox,1.5653001919447493,2.5213415077915653,3.946656346104401,0
QPRT,0,0,DLB,FA_ox,2.5343421859016537,1.5529285305782137,3.935652286734633,0
CYB5D2,0,0,DLB,FA_ox,2.088325178098728,1.8802783595947903,3.9266326401759746,0
NPDC1,0,0,DLB,FA_ox,1.7441432555246206,2.2474247178681304,3.9198306639690226,0
HMOX1,0,0,DLB,FA_ox,2.018213345688157,1.9343881921612298,3.9040080651613813,0
FABP1,0,0,DLB,FA_ox,2.361295880850755,1.6513303086971172,3.899279455850509,0
LIPM,0,0,DLB,FA_ox,1.671010773629629,2.3156539448063436,3.86948268976935,0
NQO1,0,0,DLB,FA_ox,2.353811965884815,1.6397927931083205,3.8597638979900477,0
AP000350.4,0,0,DLB,FA_ox,1.8611798095920156,2.069766331268167,3.852207306329652,0
CBS,0,0,DLB,FA_ox,2.3795549844011874,1.6162918597274738,3.846055351061575,0
ALAS2,0,0,DLB,FA_ox,1.8159521222792079,2.1148076217028775,3.8403893888435845,0
CYP1A1,0,0,DLB,FA_ox,2.439557184803412,1.5618686330740827,3.8102678455349626,0
CYP7A1,0,0,DLB,FA_ox,2.288755804297968,1.6616616945343454,3.80313784814508,0
MVK,0,0,DLB,FA_ox,1.5861739741947323,2.393920218990563,3.7971739476613853,0
PANK4,0,0,DLB,FA_ox,1.990772552019035,1.8972440924112781,3.7769814636526378,0
NME3,0,0,DLB,FA_ox,2.136319561238267,1.766806212594672,3.7744626728832937,0
ALDOC,0,0,DLB,FA_ox,1.9889501543804966,1.8911865785074888,3.761475837284793,0
CDS2,0,0,DLB,FA_ox,1.5433417666896379,2.4227787845712814,3.7391756896784147,0
AGA,0,0,DLB,FA_ox,2.377944571174509,1.562198729814787,3.714821988658786,0
LRPAP1,0,0,DLB,FA_ox,1.9679925961898366,1.8570622651908326,3.6546847885590856,0
SMLR1,0,0,DLB,FA_ox,1.5288705705768704,2.3508057922640937,3.594077792934217,0
LEKR1,0,0,DLB,FA_ox,2.232018613768321,1.5928760040640433,3.5553288904958484,0
CEBPA,0,0,DLB,FA_ox,2.32043865684233,1.5279680164288372,3.5455560517401703,0
ANGPTL3,0,0,DLB,FA_ox,2.2702442393225386,1.5478880791709573,3.514083994853895,0
TACR1,0,0,DLB,FA_ox,1.5103816014992735,2.3137802707680373,3.4946911508800507,0
PLA2G15,0,0,DLB,FA_ox,2.0282497719279333,1.7109331306740345,3.4701997320735556,0
LIPC,0,0,DLB,FA_ox,1.8697465098124308,1.8335165276611314,3.4282111282778076,0
CYP4F2,0,0,DLB,FA_ox,2.1489171602084154,1.5902379453915192,3.4172896096664087,0
AP2S1,0,0,DLB,FA_ox,1.8520730237132559,1.8390447565689088,3.4060451830425875,0
SPATA20,0,0,DLB,FA_ox,2.0964623851960984,1.6223544555319518,3.401205091478033,0
ESS2,0,0,DLB,FA_ox,1.7730716482598636,1.8953178325197524,3.3605343132821095,0
AMPD3,0,0,DLB,FA_ox,2.0005390511283823,1.6588452302454357,3.3185846628840467,0
EIF3G,0,0,DLB,FA_ox,2.0553384106166264,1.592419823158612,3.272961628365231,0
DGKG,0,0,DLB,FA_ox,1.8936743317761828,1.7273589603329298,3.2710553249460625,0
OGFOD2,0,0,DLB,FA_ox,1.8848556772889111,1.7346417509615752,3.2695493523623025,0
CYP8B1,0,0,DLB,FA_ox,2.1237626000671037,1.5343044753727184,3.2584984619121578,0
AOX1,0,0,DLB,FA_ox,2.1220715780310413,1.5335162650555216,3.254231280522639,0
CTNNA2,0,0,DLB,FA_ox,1.6164590243003056,1.9900849653911823,3.216890801430938,0
GLRX5,0,0,DLB,FA_ox,1.6230391403938607,1.967774741222899,3.1937754244831655,0
TBC1D22A,0,0,DLB,FA_ox,1.693951479133511,1.8771817660832504,3.1798548292591784,0
NR4A1,0,0,DLB,FA_ox,1.9902912848355967,1.5809041520283846,3.146459755942503,0
CCT3,0,0,DLB,FA_ox,1.7555843817403751,1.7225385937457223,3.024061852125019,0
